paciente	dosis	efecto
paciente1	0	1.03224189785498
paciente1	0.1	4.4181878482095
paciente1	0.2	2.11179154036301
paciente1	0.3	4.76480667332797
paciente1	0.4	5.67968042191418
paciente1	0.5	5.97195450109629
paciente1	0.6	7.20181592930343
paciente2	0	-0.563222219579952
paciente2	0.1	4.6938346477854
paciente2	0.2	2.91598575107833
paciente2	0.3	5.70403613870319
paciente2	0.4	4.81348822358993
paciente2	0.5	5.29877122779251
paciente2	0.6	6.70706400200395
